Vds,Temp,Nd,Mod index
0.0,0.0,0.0,0.10981860116710745
0.0,0.0,0.05263157894736841,0.11211453296890858
0.0,0.0,0.4736842105263157,0.2046905685054048
0.0,0.0,1.0,0.2346538906445834
0.0,0.5,0.0,0.14309794620029426
0.0,0.5,0.05263157894736841,0.18155322773846552
0.0,0.5,0.4736842105263157,0.26033130974281266
0.0,0.5,1.0,0.27673287608325986
0.0,1.0,0.0,0.25348845115181246
0.0,1.0,0.05263157894736841,0.24587230640393923
0.0,1.0,0.4736842105263157,0.2932953816632065
0.0,1.0,1.0,0.3403506640348734
0.02040816326530612,0.0,0.0,0.05976890508473196
0.02040816326530612,0.0,0.05263157894736841,0.07358989102073561
0.02040816326530612,0.0,0.4736842105263157,0.09487145516836387
0.02040816326530612,0.0,1.0,0.11286010910644312
0.02040816326530612,0.5,0.0,0.08002725431004286
0.02040816326530612,0.5,0.05263157894736841,0.09919621402196631
0.02040816326530612,0.5,0.4736842105263157,0.10537663161449826
0.02040816326530612,0.5,1.0,0.12849357907543477
0.02040816326530612,1.0,0.0,0.11147157576832709
0.02040816326530612,1.0,0.05263157894736841,0.11406244530089894
0.02040816326530612,1.0,0.4736842105263157,0.15118160047643106
0.02040816326530612,1.0,1.0,0.1571261455228046
0.04081632653061224,0.0,0.0,0.033009431478234215
0.04081632653061224,0.0,0.05263157894736841,0.04215028681013252
0.04081632653061224,0.0,0.4736842105263157,0.05933817728413281
0.04081632653061224,0.0,1.0,0.06204310116687524
0.04081632653061224,0.5,0.0,0.05864425206169714
0.04081632653061224,0.5,0.05263157894736841,0.060421382142331295
0.04081632653061224,0.5,0.4736842105263157,0.07287803985062756
0.04081632653061224,0.5,1.0,0.0834544892143328
0.04081632653061224,1.0,0.0,0.07008224035583584
0.04081632653061224,1.0,0.05263157894736841,0.07146516014888712
0.04081632653061224,1.0,0.4736842105263157,0.09337691891337707
0.04081632653061224,1.0,1.0,0.10719786928202424
0.061224489795918366,0.0,0.0,0.02390767889806411
0.061224489795918366,0.0,0.05263157894736841,0.02619031257337768
0.061224489795918366,0.0,0.4736842105263157,0.03667692387563302
0.061224489795918366,0.0,1.0,0.046439202914281885
0.061224489795918366,0.5,0.0,0.03583788079007614
0.061224489795918366,0.5,0.05263157894736841,0.03389582081254412
0.061224489795918366,0.5,0.4736842105263157,0.047189491218446615
0.061224489795918366,0.5,1.0,0.07137688603491273
0.061224489795918366,1.0,0.0,0.050943704960656346
0.061224489795918366,1.0,0.05263157894736841,0.0651269992978892
0.061224489795918366,1.0,0.4736842105263157,0.07033116815424748
0.061224489795918366,1.0,1.0,0.08115325787641423
0.08163265306122448,0.0,0.0,0.018233328896864527
0.08163265306122448,0.0,0.05263157894736841,0.022863896897802258
0.08163265306122448,0.0,0.4736842105263157,0.028229114744359938
0.08163265306122448,0.0,1.0,0.036363051100475705
0.08163265306122448,0.5,0.0,0.02584033385032925
0.08163265306122448,0.5,0.05263157894736841,0.03263782373759743
0.08163265306122448,0.5,0.4736842105263157,0.03428378953716761
0.08163265306122448,0.5,1.0,0.05649278063502717
0.08163265306122448,1.0,0.0,0.038137154907177416
0.08163265306122448,1.0,0.05263157894736841,0.03997649229431749
0.08163265306122448,1.0,0.4736842105263157,0.05246089152446795
0.08163265306122448,1.0,1.0,0.05781495239939892
0.10204081632653061,0.0,0.0,0.015973940013334284
0.10204081632653061,0.0,0.05263157894736841,0.01692820202593431
0.10204081632653061,0.0,0.4736842105263157,0.025775770968613332
0.10204081632653061,0.0,1.0,0.03255796689258959
0.10204081632653061,0.5,0.0,0.02536914868982465
0.10204081632653061,0.5,0.05263157894736841,0.029314485146463728
0.10204081632653061,0.5,0.4736842105263157,0.0364126025253313
0.10204081632653061,0.5,1.0,0.0487101857398186
0.10204081632653061,1.0,0.0,0.0357382637380111
0.10204081632653061,1.0,0.05263157894736841,0.040447675422401706
0.10204081632653061,1.0,0.4736842105263157,0.04342098956102863
0.10204081632653061,1.0,1.0,0.05081025319046479
0.12244897959183673,0.0,0.0,0.012911788780290201
0.12244897959183673,0.0,0.05263157894736841,0.01207417753488471
0.12244897959183673,0.0,0.4736842105263157,0.01997362745553511
0.12244897959183673,0.0,1.0,0.027789083539512472
0.12244897959183673,0.5,0.0,0.016890917274227996
0.12244897959183673,0.5,0.05263157894736841,0.021519679469666084
0.12244897959183673,0.5,0.4736842105263157,0.028652379497356696
0.12244897959183673,0.5,1.0,0.03484723743662473
0.12244897959183673,1.0,0.0,0.03397753427356088
0.12244897959183673,1.0,0.05263157894736841,0.0352915661943467
0.12244897959183673,1.0,0.4736842105263157,0.036338997405384724
0.12244897959183673,1.0,1.0,0.03623344263720575
0.14285714285714285,0.0,0.0,0.009301203137069702
0.14285714285714285,0.0,0.05263157894736841,0.011540555404372273
0.14285714285714285,0.0,0.4736842105263157,0.02064331911367696
0.14285714285714285,0.0,1.0,0.021545856027834598
0.14285714285714285,0.5,0.0,0.017796462170534738
0.14285714285714285,0.5,0.05263157894736841,0.016524505416269705
0.14285714285714285,0.5,0.4736842105263157,0.028981338928928062
0.14285714285714285,0.5,1.0,0.023982131537305402
0.14285714285714285,1.0,0.0,0.01942178670881687
0.14285714285714285,1.0,0.05263157894736841,0.030538985901275694
0.14285714285714285,1.0,0.4736842105263157,0.029701074873865477
0.14285714285714285,1.0,1.0,0.03645158739667797
0.16326530612244897,0.0,0.0,0.005900544161551209
0.16326530612244897,0.0,0.05263157894736841,0.00818022879490643
0.16326530612244897,0.0,0.4736842105263157,0.014925703963829346
0.16326530612244897,0.0,1.0,0.015200086811177793
0.16326530612244897,0.5,0.0,0.01183840051248374
0.16326530612244897,0.5,0.05263157894736841,0.014116226497409665
0.16326530612244897,0.5,0.4736842105263157,0.022572797392902202
0.16326530612244897,0.5,1.0,0.026480405013983903
0.16326530612244897,1.0,0.0,0.01950861170706673
0.16326530612244897,1.0,0.05263157894736841,0.0252465104122171
0.16326530612244897,1.0,0.4736842105263157,0.029267708991624765
0.16326530612244897,1.0,1.0,0.030962149033253897
0.1836734693877551,0.0,0.0,0.006396668136218377
0.1836734693877551,0.0,0.05263157894736841,0.007442998791625486
0.1836734693877551,0.0,0.4736842105263157,0.01280164175828292
0.1836734693877551,0.0,1.0,0.014846412131684666
0.1836734693877551,0.5,0.0,0.01068565232645017
0.1836734693877551,0.5,0.05263157894736841,0.01123618419444947
0.1836734693877551,0.5,0.4736842105263157,0.015395182907432482
0.1836734693877551,0.5,1.0,0.02018383053240757
0.1836734693877551,1.0,0.0,0.018807080151392517
0.1836734693877551,1.0,0.05263157894736841,0.018725347382382244
0.1836734693877551,1.0,0.4736842105263157,0.029900914639266123
0.1836734693877551,1.0,1.0,0.02819324557344204
0.20408163265306123,0.0,0.0,0.007862880580914684
0.20408163265306123,0.0,0.05263157894736841,0.007855206161593723
0.20408163265306123,0.0,0.4736842105263157,0.01017250479875536
0.20408163265306123,0.0,1.0,0.012011511917585135
0.20408163265306123,0.5,0.0,0.012132827089531154
0.20408163265306123,0.5,0.05263157894736841,0.007539345679313556
0.20408163265306123,0.5,0.4736842105263157,0.0158619069052227
0.20408163265306123,0.5,1.0,0.018603846243972273
0.20408163265306123,1.0,0.0,0.014148931189809892
0.20408163265306123,1.0,0.05263157894736841,0.013112760603837498
0.20408163265306123,1.0,0.4736842105263157,0.02504039351650057
0.20408163265306123,1.0,1.0,0.02601474092341717
0.22448979591836735,0.0,0.0,0.004309131573369683
0.22448979591836735,0.0,0.05263157894736841,0.004654360530011047
0.22448979591836735,0.0,0.4736842105263157,0.00920581758421712
0.22448979591836735,0.0,1.0,0.013506960729318524
0.22448979591836735,0.5,0.0,0.008002534281868394
0.22448979591836735,0.5,0.05263157894736841,0.008860289861781216
0.22448979591836735,0.5,0.4736842105263157,0.01263753804026587
0.22448979591836735,0.5,1.0,0.014591115744040446
0.22448979591836735,1.0,0.0,0.011583205745858069
0.22448979591836735,1.0,0.05263157894736841,0.014978555023157283
0.22448979591836735,1.0,0.4736842105263157,0.01740284230106964
0.22448979591836735,1.0,1.0,0.025290436097485703
0.24489795918367346,0.0,0.0,0.002953282603450174
0.24489795918367346,0.0,0.05263157894736841,0.0023474719499897603
0.24489795918367346,0.0,0.4736842105263157,0.007854254988860086
0.24489795918367346,0.0,1.0,0.01087999032990647
0.24489795918367346,0.5,0.0,0.00740689792478529
0.24489795918367346,0.5,0.05263157894736841,0.007565037505223587
0.24489795918367346,0.5,0.4736842105263157,0.009239883998265927
0.24489795918367346,0.5,1.0,0.0112935655187844
0.24489795918367346,1.0,0.0,0.012956357726606235
0.24489795918367346,1.0,0.05263157894736841,0.010725039617030297
0.24489795918367346,1.0,0.4736842105263157,0.017198705999004665
0.24489795918367346,1.0,1.0,0.018145697027727378
0.2653061224489796,0.0,0.0,0.003375324855593762
0.2653061224489796,0.0,0.05263157894736841,0.003048535032768453
0.2653061224489796,0.0,0.4736842105263157,0.006538276009358819
0.2653061224489796,0.0,1.0,0.011323899392821832
0.2653061224489796,0.5,0.0,0.006049900637356155
0.2653061224489796,0.5,0.05263157894736841,0.008687286174959485
0.2653061224489796,0.5,0.4736842105263157,0.010170204098895368
0.2653061224489796,0.5,1.0,0.015660677980498465
0.2653061224489796,1.0,0.0,0.01353701514555494
0.2653061224489796,1.0,0.05263157894736841,0.00872349171144879
0.2653061224489796,1.0,0.4736842105263157,0.014192884312753512
0.2653061224489796,1.0,1.0,0.014506977605521073
0.2857142857142857,0.0,0.0,0.0008717305023839408
0.2857142857142857,0.0,0.05263157894736841,0.004197356582645218
0.2857142857142857,0.0,0.4736842105263157,0.008219202487941056
0.2857142857142857,0.0,1.0,0.013471816116262893
0.2857142857142857,0.5,0.0,0.0047471923466674455
0.2857142857142857,0.5,0.05263157894736841,0.007990429186138612
0.2857142857142857,0.5,0.4736842105263157,0.008265277457752018
0.2857142857142857,0.5,1.0,0.012590082040812802
0.2857142857142857,1.0,0.0,0.012648450105237862
0.2857142857142857,1.0,0.05263157894736841,0.011179368899187869
0.2857142857142857,1.0,0.4736842105263157,0.011454191765546634
0.2857142857142857,1.0,1.0,0.015081271516288122
0.30612244897959184,0.0,0.0,0.002737573699792628
0.30612244897959184,0.0,0.05263157894736841,0.0030659447456665885
0.30612244897959184,0.0,0.4736842105263157,0.0075565389394421775
0.30612244897959184,0.0,1.0,0.007251944163278564
0.30612244897959184,0.5,0.0,0.008573111911987036
0.30612244897959184,0.5,0.05263157894736841,0.0037548874895627212
0.30612244897959184,0.5,0.4736842105263157,0.006937219803985798
0.30612244897959184,0.5,1.0,0.01133059723415452
0.30612244897959184,1.0,0.0,0.009036854349092972
0.30612244897959184,1.0,0.05263157894736841,0.008382722901311623
0.30612244897959184,1.0,0.4736842105263157,0.011838980768499664
0.30612244897959184,1.0,1.0,0.01272841466852535
0.32653061224489793,0.0,0.0,0.0008313503744525696
0.32653061224489793,0.0,0.05263157894736841,0.0014573653188212664
0.32653061224489793,0.0,0.4736842105263157,0.005356669486477175
0.32653061224489793,0.0,1.0,0.007095345157481498
0.32653061224489793,0.5,0.0,0.0029066964799159016
0.32653061224489793,0.5,0.05263157894736841,0.004462784585838959
0.32653061224489793,0.5,0.4736842105263157,0.005853236528785224
0.32653061224489793,0.5,1.0,0.007499994972300108
0.32653061224489793,1.0,0.0,0.007946954698192368
0.32653061224489793,1.0,0.05263157894736841,0.008514469470811888
0.32653061224489793,1.0,0.4736842105263157,0.010618432055099146
0.32653061224489793,1.0,1.0,0.014238137168524392
0.3469387755102041,0.0,0.0,0.0005405079707294424
0.3469387755102041,0.0,0.05263157894736841,0.002612958893374261
0.3469387755102041,0.0,0.4736842105263157,0.007148278529834455
0.3469387755102041,0.0,1.0,0.0067747186494312986
0.3469387755102041,0.5,0.0,0.00548311956849057
0.3469387755102041,0.5,0.05263157894736841,0.003645168292043539
0.3469387755102041,0.5,0.4736842105263157,0.004782196722717477
0.3469387755102041,0.5,1.0,0.008233338987831669
0.3469387755102041,1.0,0.0,0.005689546408313682
0.3469387755102041,1.0,0.05263157894736841,0.006041788231445241
0.3469387755102041,1.0,0.4736842105263157,0.008385250216042982
0.3469387755102041,1.0,1.0,0.008481356261917091
0.3673469387755102,0.0,0.0,0.0024922290584950936
0.3673469387755102,0.0,0.05263157894736841,0.004215624993150109
0.3673469387755102,0.0,0.4736842105263157,0.004383394181306284
0.3673469387755102,0.0,1.0,0.01026122502900119
0.3673469387755102,0.5,0.0,0.003182730668815796
0.3673469387755102,0.5,0.05263157894736841,0.004127798011657339
0.3673469387755102,0.5,0.4736842105263157,0.008436252789043475
0.3673469387755102,0.5,1.0,0.0063404015944569505
0.3673469387755102,1.0,0.0,0.006070922977463771
0.3673469387755102,1.0,0.05263157894736841,0.005397918474117156
0.3673469387755102,1.0,0.4736842105263157,0.010824356887090611
0.3673469387755102,1.0,1.0,0.010450922000540274
0.3877551020408163,0.0,0.0,0.0032796232613734886
0.3877551020408163,0.0,0.05263157894736841,0.003913706914615122
0.3877551020408163,0.0,0.4736842105263157,0.0034872289050117875
0.3877551020408163,0.0,1.0,0.006664811453027799
0.3877551020408163,0.5,0.0,0.0040114033294295515
0.3877551020408163,0.5,0.05263157894736841,0.0033037917882154395
0.3877551020408163,0.5,0.4736842105263157,0.006265026236367218
0.3877551020408163,0.5,1.0,0.00853436178519322
0.3877551020408163,1.0,0.0,0.007722728936970074
0.3877551020408163,1.0,0.05263157894736841,0.008244111832008245
0.3877551020408163,1.0,0.4736842105263157,0.008894387778345775
0.3877551020408163,1.0,1.0,0.008579050644311149
0.40816326530612246,0.0,0.0,0.001450717271787669
0.40816326530612246,0.0,0.05263157894736841,0.0015495254205450434
0.40816326530612246,0.0,0.4736842105263157,0.004209823449201037
0.40816326530612246,0.0,1.0,0.005209627937474819
0.40816326530612246,0.5,0.0,0.003054699363753749
0.40816326530612246,0.5,0.05263157894736841,0.002431387538478505
0.40816326530612246,0.5,0.4736842105263157,0.006085843991617596
0.40816326530612246,0.5,1.0,0.008882880214205075
0.40816326530612246,1.0,0.0,0.004997231879022031
0.40816326530612246,1.0,0.05263157894736841,0.004689239912208259
0.40816326530612246,1.0,0.4736842105263157,0.008201986871188355
0.40816326530612246,1.0,1.0,0.009773637219892295
0.42857142857142855,0.0,0.0,0.0
0.42857142857142855,0.0,0.05263157894736841,0.001570638203359171
0.42857142857142855,0.0,0.4736842105263157,0.0036561088109007254
0.42857142857142855,0.0,1.0,0.007207443303044954
0.42857142857142855,0.5,0.0,0.0035307989167154695
0.42857142857142855,0.5,0.05263157894736841,0.006132534784800974
0.42857142857142855,0.5,0.4736842105263157,0.008242288750935443
0.42857142857142855,0.5,1.0,0.006134610902209968
0.42857142857142855,1.0,0.0,0.006186268930780113
0.42857142857142855,1.0,0.05263157894736841,0.005962826667610847
0.42857142857142855,1.0,0.4736842105263157,0.007795734492907199
0.42857142857142855,1.0,1.0,0.008068933455389527
0.4489795918367347,0.0,0.0,0.001860344484094898
0.4489795918367347,0.0,0.05263157894736841,0.0014298026499597156
0.4489795918367347,0.0,0.4736842105263157,0.0039997311392388
0.4489795918367347,0.0,1.0,0.00457497927137004
0.4489795918367347,0.5,0.0,0.0058365046280808245
0.4489795918367347,0.5,0.05263157894736841,0.0035581847650047417
0.4489795918367347,0.5,0.4736842105263157,0.005251606564027994
0.4489795918367347,0.5,1.0,0.005865817210881824
0.4489795918367347,1.0,0.0,0.004406083106118134
0.4489795918367347,1.0,0.05263157894736841,0.0038623903326673076
0.4489795918367347,1.0,0.4736842105263157,0.0083626547825682
0.4489795918367347,1.0,1.0,0.007315426813567286
0.46938775510204084,0.0,0.0,0.002319028226897373
0.46938775510204084,0.0,0.05263157894736841,0.0035795404220532066
0.46938775510204084,0.0,0.4736842105263157,0.002509068677479157
0.46938775510204084,0.0,1.0,0.00656201976034323
0.46938775510204084,0.5,0.0,0.0035845625327899895
0.46938775510204084,0.5,0.05263157894736841,0.0019312129500119004
0.46938775510204084,0.5,0.4736842105263157,0.006103372601107435
0.46938775510204084,0.5,1.0,0.005924675088616298
0.46938775510204084,1.0,0.0,0.002415078381211278
0.46938775510204084,1.0,0.05263157894736841,0.0064598001939931
0.46938775510204084,1.0,0.4736842105263157,0.008948162572732335
0.46938775510204084,1.0,1.0,0.004821600272660575
0.4897959183673469,0.0,0.0,0.0009928617402863845
0.4897959183673469,0.0,0.05263157894736841,0.0030402925519537926
0.4897959183673469,0.0,0.4736842105263157,0.0027581539884695473
0.4897959183673469,0.0,1.0,0.008653356949285724
0.4897959183673469,0.5,0.0,0.00274403069931135
0.4897959183673469,0.5,0.05263157894736841,0.0020690832020900407
0.4897959183673469,0.5,0.4736842105263157,0.0034052146457801283
0.4897959183673469,0.5,1.0,0.007229079434104618
0.4897959183673469,1.0,0.0,0.003923730811884979
0.4897959183673469,1.0,0.05263157894736841,0.0026116937116933024
0.4897959183673469,1.0,0.4736842105263157,0.006616678657591182
0.4897959183673469,1.0,1.0,0.009095102500716141
0.5102040816326531,0.0,0.0,0.0005209957189574912
0.5102040816326531,0.0,0.05263157894736841,0.001792957554273451
0.5102040816326531,0.0,0.4736842105263157,0.003292724243085064
0.5102040816326531,0.0,1.0,0.006118697050704902
0.5102040816326531,0.5,0.0,0.0014600877459082426
0.5102040816326531,0.5,0.05263157894736841,0.0028838632532577073
0.5102040816326531,0.5,0.4736842105263157,0.0037776699057116385
0.5102040816326531,0.5,1.0,0.0070927568701390055
0.5102040816326531,1.0,0.0,0.0031566100022074827
0.5102040816326531,1.0,0.05263157894736841,0.004676440744921781
0.5102040816326531,1.0,0.4736842105263157,0.005509173165226642
0.5102040816326531,1.0,1.0,0.004557490294077437
0.5306122448979592,0.0,0.0,0.0018685879811197452
0.5306122448979592,0.0,0.05263157894736841,0.0008047216027515013
0.5306122448979592,0.0,0.4736842105263157,0.0045265284021453606
0.5306122448979592,0.0,1.0,0.004353737103252402
0.5306122448979592,0.5,0.0,0.0017449223150146425
0.5306122448979592,0.5,0.05263157894736841,0.0025838780064955606
0.5306122448979592,0.5,0.4736842105263157,0.0043869062037074
0.5306122448979592,0.5,1.0,0.0034308394018179138
0.5306122448979592,1.0,0.0,0.0045794851473325866
0.5306122448979592,1.0,0.05263157894736841,0.002909413825951951
0.5306122448979592,1.0,0.4736842105263157,0.005347730901685443
0.5306122448979592,1.0,1.0,0.005790085163016976
0.5510204081632653,0.0,0.0,0.0027412747372882506
0.5510204081632653,0.0,0.05263157894736841,0.002512100032462529
0.5510204081632653,0.0,0.4736842105263157,0.0038500149250281835
0.5510204081632653,0.0,1.0,0.0063413171998340945
0.5510204081632653,0.5,0.0,0.004024779704101401
0.5510204081632653,0.5,0.05263157894736841,0.003047303386023618
0.5510204081632653,0.5,0.4736842105263157,0.004325431584745244
0.5510204081632653,0.5,1.0,0.005978208024978708
0.5510204081632653,1.0,0.0,0.0037521142519664685
0.5510204081632653,1.0,0.05263157894736841,0.0026484459692624083
0.5510204081632653,1.0,0.4736842105263157,0.00601036498008894
0.5510204081632653,1.0,1.0,0.005677465701628354
0.5714285714285714,0.0,0.0,0.0020208193155394952
0.5714285714285714,0.0,0.05263157894736841,0.0019794300908939125
0.5714285714285714,0.0,0.4736842105263157,0.0023911029343045725
0.5714285714285714,0.0,1.0,0.0059428784616693126
0.5714285714285714,0.5,0.0,0.0038648200912208596
0.5714285714285714,0.5,0.05263157894736841,0.003936095041212063
0.5714285714285714,0.5,0.4736842105263157,0.004824621465542092
0.5714285714285714,0.5,1.0,0.00478322309500484
0.5714285714285714,1.0,0.0,0.005345232040839277
0.5714285714285714,1.0,0.05263157894736841,0.004474434419405633
0.5714285714285714,1.0,0.4736842105263157,0.0031488370104985268
0.5714285714285714,1.0,1.0,0.003996155095595994
0.5918367346938775,0.0,0.0,0.003003862433013495
0.5918367346938775,0.0,0.05263157894736841,0.0004610626908467487
0.5918367346938775,0.0,0.4736842105263157,0.002749817000107635
0.5918367346938775,0.0,1.0,0.006986730580433966
0.5918367346938775,0.5,0.0,0.00276197493876706
0.5918367346938775,0.5,0.05263157894736841,0.0029027881355424352
0.5918367346938775,0.5,0.4736842105263157,0.003379483187672864
0.5918367346938775,0.5,1.0,0.006476737369154975
0.5918367346938775,1.0,0.0,0.003155344820526524
0.5918367346938775,1.0,0.05263157894736841,0.0037189116165753443
0.5918367346938775,1.0,0.4736842105263157,0.005197136681874546
0.5918367346938775,1.0,1.0,0.006764350256908554
0.6122448979591837,0.0,0.0,0.00274680901795853
0.6122448979591837,0.0,0.05263157894736841,0.0030443909276319497
0.6122448979591837,0.0,0.4736842105263157,0.0024809867252128114
0.6122448979591837,0.0,1.0,0.006737936921766815
0.6122448979591837,0.5,0.0,0.0025078553225176587
0.6122448979591837,0.5,0.05263157894736841,0.0031800366956140132
0.6122448979591837,0.5,0.4736842105263157,0.00515975539020061
0.6122448979591837,0.5,1.0,0.004685131374428249
0.6122448979591837,1.0,0.0,0.003773216872678739
0.6122448979591837,1.0,0.05263157894736841,0.004330554300290394
0.6122448979591837,1.0,0.4736842105263157,0.006001585940296333
0.6122448979591837,1.0,1.0,0.004960770257565982
0.6326530612244898,0.0,0.0,0.0033836994437325394
0.6326530612244898,0.0,0.05263157894736841,0.002179218029575096
0.6326530612244898,0.0,0.4736842105263157,0.003253080867538187
0.6326530612244898,0.0,1.0,0.006092034744067713
0.6326530612244898,0.5,0.0,0.0019585794903076476
0.6326530612244898,0.5,0.05263157894736841,0.005034438382544059
0.6326530612244898,0.5,0.4736842105263157,0.005109264987133617
0.6326530612244898,0.5,1.0,0.0037816138174415984
0.6326530612244898,1.0,0.0,0.0026859004280696992
0.6326530612244898,1.0,0.05263157894736841,0.004619626465870364
0.6326530612244898,1.0,0.4736842105263157,0.00631106055777076
0.6326530612244898,1.0,1.0,0.004058577838661232
0.6530612244897959,0.0,0.0,0.0042232994124710675
0.6530612244897959,0.0,0.05263157894736841,0.0013044968206152032
0.6530612244897959,0.0,0.4736842105263157,0.0021371550575765234
0.6530612244897959,0.0,1.0,0.005827661567046529
0.6530612244897959,0.5,0.0,0.003030243249429299
0.6530612244897959,0.5,0.05263157894736841,0.002361601336409071
0.6530612244897959,0.5,0.4736842105263157,0.004463764212457792
0.6530612244897959,0.5,1.0,0.004047307051493756
0.6530612244897959,1.0,0.0,0.004922123784211088
0.6530612244897959,1.0,0.05263157894736841,0.003349076146502075
0.6530612244897959,1.0,0.4736842105263157,0.006809794160194313
0.6530612244897959,1.0,1.0,0.006513928629524218
0.673469387755102,0.0,0.0,0.003086132777211903
0.673469387755102,0.0,0.05263157894736841,0.004112710339033091
0.673469387755102,0.0,0.4736842105263157,0.00444655266054583
0.673469387755102,0.0,1.0,0.008837434278498943
0.673469387755102,0.5,0.0,0.003422992226765416
0.673469387755102,0.5,0.05263157894736841,0.003936232229587107
0.673469387755102,0.5,0.4736842105263157,0.0037703725003695007
0.673469387755102,0.5,1.0,0.004745875338267029
0.673469387755102,1.0,0.0,0.0036593271485582312
0.673469387755102,1.0,0.05263157894736841,0.004657453873815736
0.673469387755102,1.0,0.4736842105263157,0.0015766826215425766
0.673469387755102,1.0,1.0,0.006577337096469402
0.6938775510204082,0.0,0.0,0.0054487117078194335
0.6938775510204082,0.0,0.05263157894736841,0.00237057955339804
0.6938775510204082,0.0,0.4736842105263157,0.004667589554205999
0.6938775510204082,0.0,1.0,0.09251017495437341
0.6938775510204082,0.5,0.0,0.004961805775745014
0.6938775510204082,0.5,0.05263157894736841,0.004813385229520921
0.6938775510204082,0.5,0.4736842105263157,0.0039402858920171
0.6938775510204082,0.5,1.0,0.0051665152203546165
0.6938775510204082,1.0,0.0,0.0047678061702804905
0.6938775510204082,1.0,0.05263157894736841,0.004810281723614379
0.6938775510204082,1.0,0.4736842105263157,0.005720178031935468
0.6938775510204082,1.0,1.0,0.007779704793440987
0.7142857142857143,0.0,0.0,0.005571547130202974
0.7142857142857143,0.0,0.05263157894736841,0.006191185355657604
0.7142857142857143,0.0,0.4736842105263157,0.00301100639061762
0.7142857142857143,0.0,1.0,0.145164863858479
0.7142857142857143,0.5,0.0,0.0045304621517734634
0.7142857142857143,0.5,0.05263157894736841,0.004378954359005796
0.7142857142857143,0.5,0.4736842105263157,0.005530981035807655
0.7142857142857143,0.5,1.0,0.004811038800202583
0.7142857142857143,1.0,0.0,0.007770611744701057
0.7142857142857143,1.0,0.05263157894736841,0.005046190853339465
0.7142857142857143,1.0,0.4736842105263157,0.00413764000730399
0.7142857142857143,1.0,1.0,0.005817930338310098
0.7346938775510204,0.0,0.0,0.005213026144335158
0.7346938775510204,0.0,0.05263157894736841,0.006118874887487367
0.7346938775510204,0.0,0.4736842105263157,0.005410369081310008
0.7346938775510204,0.0,1.0,0.3800557550425267
0.7346938775510204,0.5,0.0,0.004949412076322551
0.7346938775510204,0.5,0.05263157894736841,0.004048901485274819
0.7346938775510204,0.5,0.4736842105263157,0.005435981642825568
0.7346938775510204,0.5,1.0,0.005286074381100077
0.7346938775510204,1.0,0.0,0.00389347315361146
0.7346938775510204,1.0,0.05263157894736841,0.0037986444839405373
0.7346938775510204,1.0,0.4736842105263157,0.005080032684937272
0.7346938775510204,1.0,1.0,0.006659652153915972
0.7551020408163265,0.0,0.0,0.006768349043988531
0.7551020408163265,0.0,0.05263157894736841,0.008440253608543825
0.7551020408163265,0.0,0.4736842105263157,0.011354362325552826
0.7551020408163265,0.0,1.0,0.7689702248210469
0.7551020408163265,0.5,0.0,0.003788408198741908
0.7551020408163265,0.5,0.05263157894736841,0.006128334788104266
0.7551020408163265,0.5,0.4736842105263157,0.00521141240256057
0.7551020408163265,0.5,1.0,0.0055962786374877
0.7551020408163265,1.0,0.0,0.009256673822950898
0.7551020408163265,1.0,0.05263157894736841,0.004960110737155585
0.7551020408163265,1.0,0.4736842105263157,0.005154217044689591
0.7551020408163265,1.0,1.0,0.005902995260518656
0.7755102040816326,0.0,0.0,0.007877056713002529
0.7755102040816326,0.0,0.05263157894736841,0.008941136495509728
0.7755102040816326,0.0,0.4736842105263157,0.031537987583502916
0.7755102040816326,0.0,1.0,0.4402926208528446
0.7755102040816326,0.5,0.0,0.006010269456331503
0.7755102040816326,0.5,0.05263157894736841,0.00536195581186219
0.7755102040816326,0.5,0.4736842105263157,0.005927439180320879
0.7755102040816326,0.5,1.0,0.3655621212929515
0.7755102040816326,1.0,0.0,0.004395775686206523
0.7755102040816326,1.0,0.05263157894736841,0.0073133994742472
0.7755102040816326,1.0,0.4736842105263157,0.007488099215868543
0.7755102040816326,1.0,1.0,0.005462463064049737
0.7959183673469388,0.0,0.0,0.005814400024125641
0.7959183673469388,0.0,0.05263157894736841,0.010914633951340643
0.7959183673469388,0.0,0.4736842105263157,0.06466542138847842
0.7959183673469388,0.0,1.0,0.29748468782876214
0.7959183673469388,0.5,0.0,0.004953351923211767
0.7959183673469388,0.5,0.05263157894736841,0.008343140498375874
0.7959183673469388,0.5,0.4736842105263157,0.009263607425046625
0.7959183673469388,0.5,1.0,0.42389718022739564
0.7959183673469388,1.0,0.0,0.005676012521063076
0.7959183673469388,1.0,0.05263157894736841,0.007591319749251397
0.7959183673469388,1.0,0.4736842105263157,0.005253348348285956
0.7959183673469388,1.0,1.0,0.004485698093101808
0.8163265306122449,0.0,0.0,0.007973676961230504
0.8163265306122449,0.0,0.05263157894736841,0.016180962352326102
0.8163265306122449,0.0,0.4736842105263157,0.20386628587279246
0.8163265306122449,0.0,1.0,0.30485827844850716
0.8163265306122449,0.5,0.0,0.0043639388373047224
0.8163265306122449,0.5,0.05263157894736841,0.008654759319341725
0.8163265306122449,0.5,0.4736842105263157,0.007960381883373495
0.8163265306122449,0.5,1.0,0.48592627090444324
0.8163265306122449,1.0,0.0,0.004711329273010661
0.8163265306122449,1.0,0.05263157894736841,0.005787709263603259
0.8163265306122449,1.0,0.4736842105263157,0.005852432706528487
0.8163265306122449,1.0,1.0,0.008541331970855626
0.8367346938775511,0.0,0.0,0.007292982795410146
0.8367346938775511,0.0,0.05263157894736841,0.009997255287423654
0.8367346938775511,0.0,0.4736842105263157,0.18683879909552376
0.8367346938775511,0.0,1.0,0.8527713900753253
0.8367346938775511,0.5,0.0,0.0073663369114408996
0.8367346938775511,0.5,0.05263157894736841,0.011466841549935847
0.8367346938775511,0.5,0.4736842105263157,0.020529703766306546
0.8367346938775511,0.5,1.0,0.8071660485908644
0.8367346938775511,1.0,0.0,0.006997481067986462
0.8367346938775511,1.0,0.05263157894736841,0.008902224791296418
0.8367346938775511,1.0,0.4736842105263157,0.005954720358961045
0.8367346938775511,1.0,1.0,0.006167344048495387
0.8571428571428571,0.0,0.0,0.005120318305321394
0.8571428571428571,0.0,0.05263157894736841,0.013702099506401002
0.8571428571428571,0.0,0.4736842105263157,0.2346189319979917
0.8571428571428571,0.0,1.0,0.655505917786708
0.8571428571428571,0.5,0.0,0.007070110626154949
0.8571428571428571,0.5,0.05263157894736841,0.01600249755196745
0.8571428571428571,0.5,0.4736842105263157,0.13261790469688822
0.8571428571428571,0.5,1.0,0.8239430172007811
0.8571428571428571,1.0,0.0,0.005152953895429002
0.8571428571428571,1.0,0.05263157894736841,0.010277471181236918
0.8571428571428571,1.0,0.4736842105263157,0.007093081041188185
0.8571428571428571,1.0,1.0,0.06453683218402452
0.8775510204081632,0.0,0.0,0.005316692793989452
0.8775510204081632,0.0,0.05263157894736841,0.012061503361451046
0.8775510204081632,0.0,0.4736842105263157,0.36993588383411957
0.8775510204081632,0.0,1.0,0.543060809612033
0.8775510204081632,0.5,0.0,0.004003745169471558
0.8775510204081632,0.5,0.05263157894736841,0.014128632391354354
0.8775510204081632,0.5,0.4736842105263157,0.16643689087351624
0.8775510204081632,0.5,1.0,0.8411405647201743
0.8775510204081632,1.0,0.0,0.006032145412994948
0.8775510204081632,1.0,0.05263157894736841,0.009204614391357478
0.8775510204081632,1.0,0.4736842105263157,0.015208514242246216
0.8775510204081632,1.0,1.0,0.23406835135190351
0.8979591836734694,0.0,0.0,0.006690925006164812
0.8979591836734694,0.0,0.05263157894736841,0.01736464702503711
0.8979591836734694,0.0,0.4736842105263157,0.19594065837776334
0.8979591836734694,0.0,1.0,0.8937678413545257
0.8979591836734694,0.5,0.0,0.0076250558949899115
0.8979591836734694,0.5,0.05263157894736841,0.016838665778909516
0.8979591836734694,0.5,0.4736842105263157,0.23677667852255718
0.8979591836734694,0.5,1.0,0.6341523988444744
0.8979591836734694,1.0,0.0,0.009563373170408705
0.8979591836734694,1.0,0.05263157894736841,0.01192543993108274
0.8979591836734694,1.0,0.4736842105263157,0.07350745808290751
0.8979591836734694,1.0,1.0,0.6618782588672953
0.9183673469387755,0.0,0.0,0.005011940505247083
0.9183673469387755,0.0,0.05263157894736841,0.017689648317935923
0.9183673469387755,0.0,0.4736842105263157,0.2231648865667118
0.9183673469387755,0.0,1.0,0.39067791557279646
0.9183673469387755,0.5,0.0,0.00566456796195388
0.9183673469387755,0.5,0.05263157894736841,0.01161052858911584
0.9183673469387755,0.5,0.4736842105263157,0.24487423861887248
0.9183673469387755,0.5,1.0,0.8695639422684368
0.9183673469387755,1.0,0.0,0.007142844853972542
0.9183673469387755,1.0,0.05263157894736841,0.01497632850664083
0.9183673469387755,1.0,0.4736842105263157,0.1524126598517803
0.9183673469387755,1.0,1.0,0.6856986859588317
0.9387755102040817,0.0,0.0,0.007642022540247163
0.9387755102040817,0.0,0.05263157894736841,0.01672012282834956
0.9387755102040817,0.0,0.4736842105263157,0.3270192424367894
0.9387755102040817,0.0,1.0,0.9190741425254276
0.9387755102040817,0.5,0.0,0.004178478446029026
0.9387755102040817,0.5,0.05263157894736841,0.01964775831913787
0.9387755102040817,0.5,0.4736842105263157,0.2996957823394362
0.9387755102040817,0.5,1.0,0.8510274463707193
0.9387755102040817,1.0,0.0,0.008396491533115079
0.9387755102040817,1.0,0.05263157894736841,0.017430557401459015
0.9387755102040817,1.0,0.4736842105263157,0.21125258623332765
0.9387755102040817,1.0,1.0,0.8687303633450475
0.9591836734693877,0.0,0.0,0.003341046053616185
0.9591836734693877,0.0,0.05263157894736841,0.021070256450284153
0.9591836734693877,0.0,0.4736842105263157,0.22412470013555524
0.9591836734693877,0.0,1.0,1.0
0.9591836734693877,0.5,0.0,0.0068251003180084474
0.9591836734693877,0.5,0.05263157894736841,0.02050723434289476
0.9591836734693877,0.5,0.4736842105263157,0.3149180652134859
0.9591836734693877,0.5,1.0,0.7380418566467798
0.9591836734693877,1.0,0.0,0.00790795661611329
0.9591836734693877,1.0,0.05263157894736841,0.015337216246030698
0.9591836734693877,1.0,0.4736842105263157,0.09628308696399651
0.9591836734693877,1.0,1.0,0.594592227538956
0.9795918367346939,0.0,0.0,0.005919859268547173
0.9795918367346939,0.0,0.05263157894736841,0.016735695233232296
0.9795918367346939,0.0,0.4736842105263157,0.1794518859602467
0.9795918367346939,0.0,1.0,0.603411792777553
0.9795918367346939,0.5,0.0,0.00896839125268507
0.9795918367346939,0.5,0.05263157894736841,0.023058044869953873
0.9795918367346939,0.5,0.4736842105263157,0.20666005193100298
0.9795918367346939,0.5,1.0,0.7854724599911014
0.9795918367346939,1.0,0.0,0.009021511607712165
0.9795918367346939,1.0,0.05263157894736841,0.02398105028966802
0.9795918367346939,1.0,0.4736842105263157,0.2744645719877722
0.9795918367346939,1.0,1.0,0.6897071219545197
1.0,0.0,0.0,0.004355946344195695
1.0,0.0,0.05263157894736841,0.026110552268337483
1.0,0.0,0.4736842105263157,0.33975845840337654
1.0,0.0,1.0,0.613393060030128
1.0,0.5,0.0,0.0065027899496808575
1.0,0.5,0.05263157894736841,0.016415824785560116
1.0,0.5,0.4736842105263157,0.2578381345926348
1.0,0.5,1.0,0.676424319916551
1.0,1.0,0.0,0.007785070383220472
1.0,1.0,0.05263157894736841,0.012432813352503489
1.0,1.0,0.4736842105263157,0.24549674154084009
1.0,1.0,1.0,0.8493736476230392
